{"LogisticRegression_best_params":{"model__C":0.01,"model__max_iter":200},"RandomForest_best_params":{"model__n_estimators":50},"LogisticRegression_precision":0.02435097979987579,"LogisticRegression_f1":0.02147183002934934,"_timestamp":1.7711413194295483e+09,"GradientBoosting_recall":0.0392,"LogisticRegression_roc_auc":0.5022976230351557,"RandomForest_recall":0.0374,"GradientBoosting_f1":0.019176411302155544,"GradientBoosting_best_params":{"model__n_estimators":50,"model__learning_rate":0.01},"RandomForest_roc_auc":0.49980569747876386,"LogisticRegression_accuracy":0.0358,"LogisticRegression_recall":0.0358,"_wandb":{"runtime":479},"_runtime":479,"GradientBoosting_accuracy":0.0392,"GradientBoosting_roc_auc":0.5044182684015913,"GradientBoosting_precision":0.04005619958431549,"RandomForest_f1":0.03698050547646303,"RandomForest_precision":0.03742439145299181,"RandomForest_accuracy":0.0374,"_step":2}