{"RandomForest_accuracy":0.0334,"LogisticRegression_precision":0.02435097979987579,"GradientBoosting_roc_auc":0.5046748785981273,"GradientBoosting_recall":0.0394,"GradientBoosting_precision":0.04009891378001473,"RandomForest_best_params":{"model__n_estimators":100,"model__max_depth":10},"GradientBoosting_accuracy":0.0394,"_step":2,"LogisticRegression_accuracy":0.0358,"RandomForest_recall":0.0334,"LogisticRegression_f1":0.02147183002934934,"_timestamp":1.771142381525706e+09,"RandomForest_f1":0.029026922396263075,"LogisticRegression_roc_auc":0.5022976230351557,"LogisticRegression_recall":0.0358,"RandomForest_precision":0.036146608207961846,"RandomForest_roc_auc":0.5125408676768567,"GradientBoosting_best_params":{"model__n_estimators":50,"model__learning_rate":0.01},"LogisticRegression_best_params":{"model__max_iter":500,"model__C":0.01},"GradientBoosting_f1":0.019233256961685423,"_wandb":{"runtime":382},"_runtime":382}